"keyText","category","Faucet","Sink","sort.value"
"Transaction Tax","",0,-17425756920889,-17425756920889
"Brokers Fee","",0,-12054351724463,-12054351724463
"LP Store","",0,-7664685700000,-7664685700000
"Skill Purchase","",0,-7113468050650,-7113468050650
"Skill","NPC Market",0,-3643374938980,-3643374938980
"Blueprint","NPC Market",0,-2980369575710.2,-2980369575710.2
"Market provider tax","",0,-2810726099082,-2810726099082
"Asset Safety recovery Tax","",0,-2302666808465,-2302666808465
"Manufacturing","",0,-2173699031799,-2173699031799
"Hypernet Relay Tax","",0,-2040464935332,-2040464935332
"Infrastructure Hub maintenance","",0,-1295917000000,-1295917000000
"Reactions","",0,-609466827828,-609466827828
"Researching Material Productivity","",0,-498542821165,-498542821165
"Office Rental Fee","",0,-443806712079,-443806712079
"Contract Brokers Fee","",0,-414970018361,-414970018361
"Researching Time Productivity","",0,-380397259174,-380397259174
"Contract Sales Tax","",0,-241252165720,-241252165720
"War Fee","",0,-165750000000,-165750000000
"Planetary Export Tax","",0,-110558295506,-110558295506
"Copying","",0,-94480318557,-94480318557
"Jump Clone Activation Fee","",0,-71966700000,-71966700000
"Industry Job Tax","",0,-71210121707,-71210121707
"Contract Brokers Fee (corp)","",0,-62148706914,-62148706914
"Security Processing Fee","",0,-53196000000,-53196000000
"Reprocessing Tax","",0,-42170827973,-42170827973
"Planetary Interaction","NPC Market",0,-7829674450.97,-7829674450.97
"Planetary Construction","",13160000,-405956330000,13160000
"Repair Bill","",32003205,-127054410558,32003205
"Deployable","NPC Market",4020000000,-2000000000,4020000000
"Corporation Registration Fee","",22505986400,-27500562000,22505986400
"Other","",40593780822,-173399939790,40593780822
"Alliance Registration Fee","",224000000000,-293000000000,224000000000
"Structure Module","NPC Market",370500000000,-3859200100000,370500000000
"Project Discovery reward","",980842010072,0,980842010072
"Agent Mission Time Bonus Reward","",1315430746962,0,1315430746962
"Agent Mission Reward","",1416866847710,0,1416866847710
"Insurance","",5607040881869,-2472597522836,5607040881869
"ESS Main Bank Autopayment","",5736516738205,0,5736516738205
"Incursions Payout","",14660140439128,0,14660140439128
"Bounty Prizes","",31775685459460,0,31775685459460
"Commodity","NPC Market",34014369739017.5,-429826157798.78,34014369739017.5
