"keyText","category","Faucet","Sink","sort.value"
"Transaction Tax","",0,-12853104920509,-12853104920509
"Skill","NPC Market",0,-11944341088672.7,-11944341088672.7
"Brokers Fee","",0,-10861960164081,-10861960164081
"Blueprint","NPC Market",0,-9418783714202.1,-9418783714202.1
"LP Store","",0,-8753629250000,-8753629250000
"Manufacturing","",0,-3978882064971,-3978882064971
"Skill Purchase","",0,-3449868358300,-3449868358300
"Asset Safety recovery Tax","",0,-1642925273178,-1642925273178
"Infrastructure Hub maintenance","",0,-1538390000000,-1538390000000
"Researching Material Productivity","",0,-841549293534,-841549293534
"Reactions","",0,-700494771204,-700494771204
"Contract Brokers Fee","",0,-461404242846,-461404242846
"Office Rental Fee","",0,-432741485880,-432741485880
"Researching Time Productivity","",0,-408279250258,-408279250258
"Contract Sales Tax","",0,-315284114078,-315284114078
"War Fee","",0,-270680103711,-270680103711
"Copying","",0,-147437153752,-147437153752
"Bounty","",0,-140915604019,-140915604019
"Planetary Export Tax","",0,-130903480690,-130903480690
"Contract Brokers Fee (corp)","",0,-77173313163,-77173313163
"Jump Clone Activation Fee","",0,-71274600000,-71274600000
"Security Processing Fee","",0,-56029000000,-56029000000
"Industry Job Tax","",0,-52944368266,-52944368266
"Bounty Surcharge","",0,-41006304478,-41006304478
"Jump Clone Installation Fee","",0,-38907900000,-38907900000
"Planetary Import Tax","",0,-33549191859,-33549191859
"Deployable","NPC Market",0,-14750000000,-14750000000
"Planetary Interaction","NPC Market",0,-9448919814.14,-9448919814.14
"Planetary Construction","",12720000,-392664295000,12720000
"Repair Bill","",39993034,-94541340483,39993034
"Corporation Registration Fee","",20539832200,-25731183200,20539832200
"Other","",30973521716,-129184296787,30973521716
"Alliance Registration Fee","",66000000000,-139000000000,66000000000
"Project Discovery reward","",593242163643,0,593242163643
"Agent Mission Time Bonus Reward","",1332285218227,0,1332285218227
"Agent Mission Reward","",1494529157215,0,1494529157215
"Insurance","",5775604913035,-3002221551878,5775604913035
"Incursions Payout","",11359672587077,0,11359672587077
"Commodity","NPC Market",27284781187116.2,-491143217982.64,27284781187116.2
"Bounty Prizes","",71433056306674,0,71433056306674
