"keyText","category","Faucet","Sink","sort.value"
"Skill","NPC Market",0,-14409378723036.4,-14409378723036.4
"Transaction Tax","",0,-11799790944731,-11799790944731
"Brokers Fee","",0,-11622390455369,-11622390455369
"Blueprint","NPC Market",0,-8486279144156.9,-8486279144156.9
"LP Store","",0,-8053212685000,-8053212685000
"Manufacturing","",0,-3725690669486,-3725690669486
"Asset Safety recovery Tax","",0,-1926100313138,-1926100313138
"Infrastructure Hub maintenance","",0,-1470007000000,-1470007000000
"Researching Material Productivity","",0,-886786221081,-886786221081
"Reactions","",0,-588193583720,-588193583720
"Contract Brokers Fee","",0,-428257201764,-428257201764
"Researching Time Productivity","",0,-380462502326,-380462502326
"Office Rental Fee","",0,-346153988300,-346153988300
"Contract Sales Tax","",0,-294034845995,-294034845995
"War Fee","",0,-236780983356,-236780983356
"Bounty","",0,-196332810649,-196332810649
"Copying","",0,-136651108647,-136651108647
"Planetary Export Tax","",0,-133282530184,-133282530184
"Contract Brokers Fee (corp)","",0,-68034102962,-68034102962
"Jump Clone Activation Fee","",0,-67464000000,-67464000000
"Security Processing Fee","",0,-61001000000,-61001000000
"Industry Job Tax","",0,-47677850906,-47677850906
"Agent Mission Collateral Paid","",0,-44615645095,-44615645095
"Bounty Surcharge","",0,-42264495497,-42264495497
"Jump Clone Installation Fee","",0,-37417500000,-37417500000
"Deployable","NPC Market",0,-8725000000,-8725000000
"Planetary Interaction","NPC Market",0,-8694689903.78,-8694689903.78
"Planetary Construction","",11430000,-398572960000,11430000
"Repair Bill","",32263861,-97511740853,32263861
"Other","",19447059341,-150953922202,19447059341
"Corporation Registration Fee","",25198449800,-31479264600,25198449800
"Agent Mission Collateral Refunded","",44426781263,0,44426781263
"Alliance Registration Fee","",54000000000,-135000000000,54000000000
"Project Discovery reward","",612186751022,0,612186751022
"Agent Mission Time Bonus Reward","",1341666518409,0,1341666518409
"Agent Mission Reward","",1536144375059,0,1536144375059
"Insurance","",6994411766908,-3435150052836,6994411766908
"Incursions Payout","",8285605517874,0,8285605517874
"Commodity","NPC Market",23476449962161,-545116435268.52,23476449962161
"Bounty Prizes","",72595580966724,0,72595580966724
