"keyText","category","Faucet","Sink","sort.value"
"Transaction Tax","",0,-19944321365649,-19944321365649
"Brokers Fee","",0,-12408862588479,-12408862588479
"LP Store","",0,-8905259025000,-8905259025000
"Skill Purchase","",0,-7552504288550,-7552504288550
"Skill","NPC Market",0,-3853408750070,-3853408750070
"Blueprint","NPC Market",0,-3047748448997.99,-3047748448997.99
"Market provider tax","",0,-2902637481442,-2902637481442
"Asset Safety recovery Tax","",0,-2491441378314,-2491441378314
"Manufacturing","",0,-2323245259152,-2323245259152
"Hypernet Relay Tax","",0,-1977656140315,-1977656140315
"Infrastructure Hub maintenance","",0,-1278501000000,-1278501000000
"Reactions","",0,-728580011382,-728580011382
"Researching Material Productivity","",0,-522380391837,-522380391837
"Office Rental Fee","",0,-466085882298,-466085882298
"Contract Brokers Fee","",0,-422923844323,-422923844323
"Researching Time Productivity","",0,-358626586736,-358626586736
"Contract Sales Tax","",0,-258046760285,-258046760285
"War Fee","",0,-186700000000,-186700000000
"Planetary Export Tax","",0,-112483459463,-112483459463
"Copying","",0,-95423889702,-95423889702
"Jump Clone Activation Fee","",0,-74759400000,-74759400000
"Industry Job Tax","",0,-72635606161,-72635606161
"Security Processing Fee","",0,-65820000000,-65820000000
"Contract Brokers Fee (corp)","",0,-63149259633,-63149259633
"Reprocessing Tax","",0,-41514854064,-41514854064
"Planetary Industry","NPC Market",0,-8403073597.39,-8403073597.39
"Planetary Construction","",12720000,-393788650000,12720000
"Repair Bill","",54098741,-133637503018,54098741
"Deployable","NPC Market",3063400000,0,3063400000
"Corporation Registration Fee","",22563579200,-28201274400,22563579200
"Other","",43061841648,-187378340327,43061841648
"Alliance Registration Fee","",112000000000,-201000000000,112000000000
"Structure Module","NPC Market",649400000000,-10766700000000,649400000000
"Project Discovery reward","",946580339895,0,946580339895
"Agent Mission Time Bonus Reward","",1674575644909,0,1674575644909
"Agent Mission Reward","",1823363234016,0,1823363234016
"Insurance","",8082566951393,-4574604646023,8082566951393
"ESS Main Bank Autopayment","",8603439318927,0,8603439318927
"Incursions Payout","",19908862661925,0,19908862661925
"Bounty Prizes","",20675952006697,0,20675952006697
"Commodity","NPC Market",40438163950866.1,-458966420641.35,40438163950866.1
