"keyText","category","Faucet","Sink","sort.value"
"Transaction Tax","",0,-19954252000060,-19954252000060
"Brokers Fee","",0,-12582494212259,-12582494212259
"LP Store","",0,-7425302970000,-7425302970000
"Skill Purchase","",0,-6266824638750,-6266824638750
"Skill","NPC Market",0,-4682567383273.68,-4682567383273.68
"Blueprint","NPC Market",0,-4239500656224.86,-4239500656224.86
"Asset Safety recovery Tax","",0,-2253639796757,-2253639796757
"Manufacturing","",0,-2137954026748,-2137954026748
"Market provider tax","",0,-1888975346059,-1888975346059
"Hypernet Relay Tax","",0,-1535427957782,-1535427957782
"Infrastructure Hub maintenance","",0,-1213198000000,-1213198000000
"Researching Material Productivity","",0,-642399504871,-642399504871
"Reactions","",0,-524830925846,-524830925846
"Contract Brokers Fee","",0,-374061239722,-374061239722
"Office Rental Fee","",0,-344832485506,-344832485506
"Researching Time Productivity","",0,-322937339712,-322937339712
"Contract Sales Tax","",0,-237704404317,-237704404317
"War Fee","",0,-182500000000,-182500000000
"Bounty","",0,-127510084633,-127510084633
"Planetary Export Tax","",0,-120535819634,-120535819634
"Copying","",0,-106137424117,-106137424117
"Security Processing Fee","",0,-63757000000,-63757000000
"Jump Clone Activation Fee","",0,-60945300000,-60945300000
"Industry Job Tax","",0,-56739493254,-56739493254
"Contract Brokers Fee (corp)","",0,-45896114344,-45896114344
"Reprocessing Tax","",0,-36793422550,-36793422550
"Deployable","NPC Market",0,-16725000000,-16725000000
"Planetary Interaction","NPC Market",0,-10260168945.39,-10260168945.39
"Planetary Construction","",23385000,-456934630000,23385000
"Repair Bill","",70202203,-116302971019,70202203
"Corporation Registration Fee","",21363729200,-26641469400,21363729200
"Other","",38893471798,-167344497212,38893471798
"Alliance Registration Fee","",78000000000,-144000000000,78000000000
"Project Discovery reward","",291537081999,0,291537081999
"Agent Mission Time Bonus Reward","",1270646075707,0,1270646075707
"Agent Mission Reward","",1393576072953,0,1393576072953
"Insurance","",4643936106782,-1930867970739,4643936106782
"Incursions Payout","",12953507777543,0,12953507777543
"Commodity","NPC Market",27401287194232.4,-418864615881.87,27401287194232.4
"Bounty Prizes","",51528820018930,0,51528820018930
