"keyText","category","Faucet","Sink","sort.value"
"Skill","NPC Market",0,-12721014237919.2,-12721014237919.2
"Brokers Fee","",0,-11496724941547,-11496724941547
"Transaction Tax","",0,-11119199785769,-11119199785769
"Blueprint","NPC Market",0,-7983131415489.84,-7983131415489.84
"LP Store","",0,-7959154970000,-7959154970000
"Manufacturing","",0,-3347054611687,-3347054611687
"Asset Safety recovery Tax","",0,-2475602122657,-2475602122657
"Researching Material Productivity","",0,-831421027576,-831421027576
"Infrastructure Hub maintenance","",0,-773948000000,-773948000000
"Reactions","",0,-604975436238,-604975436238
"Contract Brokers Fee","",0,-461552946795,-461552946795
"Researching Time Productivity","",0,-411688100863,-411688100863
"Office Rental Fee","",0,-373131743205,-373131743205
"Contract Sales Tax","",0,-305229605372,-305229605372
"War Fee","",0,-292037635899,-292037635899
"Planetary Export Tax","",0,-151948148107,-151948148107
"Bounty","",0,-146380781935,-146380781935
"Copying","",0,-138610796412,-138610796412
"Jump Clone Activation Fee","",0,-73017000000,-73017000000
"Security Processing Fee","",0,-63637000000,-63637000000
"Contract Brokers Fee (corp)","",0,-60311321946,-60311321946
"Industry Job Tax","",0,-53759023525,-53759023525
"Planetary Import Tax","",0,-41517055472,-41517055472
"Jump Clone Installation Fee","",0,-34703100000,-34703100000
"Reprocessing Tax","",0,-34508068013,-34508068013
"Bounty Surcharge","",0,-27395508204,-27395508204
"Deployable","NPC Market",0,-15350000000,-15350000000
"Planetary Interaction","NPC Market",0,-11817335519.07,-11817335519.07
"Planetary Construction","",23420000,-466083440000,23420000
"Repair Bill","",63611832,-81806008672,63611832
"Corporation Registration Fee","",21944456600,-27418972200,21944456600
"Other","",48402019782,-114812240648,48402019782
"Alliance Registration Fee","",55000000000,-108000000000,55000000000
"Project Discovery reward","",579728298195,0,579728298195
"Agent Mission Time Bonus Reward","",1111506316857,0,1111506316857
"Agent Mission Reward","",1246843900912,0,1246843900912
"Insurance","",6016645100391,-3169663533022,6016645100391
"Incursions Payout","",6431752752118,0,6431752752118
"Commodity","NPC Market",18082006693229.3,-516069460381.82,18082006693229.3
"Bounty Prizes","",57886383969602,0,57886383969602
