"keyText","category","Faucet","Sink","sort.value"
"Skill","NPC Market",0,-13601773383529.1,-13601773383529.1
"Transaction Tax","",0,-9816719983332,-9816719983332
"LP Store","",0,-7317789055000,-7317789055000
"Brokers Fee","",0,-5887964918504,-5887964918504
"Blueprint","NPC Market",0,-3393872413138.73,-3393872413138.73
"Manufacturing","",0,-1963738358363,-1963738358363
"Infrastructure Hub maintenance","",0,-6.84894e+11,-6.84894e+11
"Office Rental Fee","",0,-465340263508,-465340263508
"Researching Material Productivity","",0,-437844275072,-437844275072
"War Fee","",0,-431611101982,-431611101982
"Researching Time Productivity","",0,-238289499763,-238289499763
"Contract Brokers Fee","",0,-170765357924,-170765357924
"Bounty","",0,-156755774299,-156755774299
"Contract Sales Tax","",0,-154837356299,-154837356299
"Planetary Export Tax","",0,-124965741596,-124965741596
"Industry Job Tax","",0,-102616263398,-102616263398
"Celestial","NPC Market",0,-7.47e+10,-7.47e+10
"Security Processing Fee","",0,-7.3218e+10,-7.3218e+10
"Copying","",0,-68642496777,-68642496777
"Planetary Import Tax","",0,-30164608832,-30164608832
"Alliance Maintainance Fee","",0,-2.4638e+10,-2.4638e+10
"Contract Brokers Fee (corp)","",0,-23293369702,-23293369702
"Researching Technology","",0,-19269100028,-19269100028
"Bounty Surcharge","",0,-17620427561,-17620427561
"Reaction","NPC Market",0,-15242400000,-15242400000
"Advertisement Listing Fee","",0,-1.4967e+10,-1.4967e+10
"Agent Mission Collateral Paid","",0,-13767959954,-13767959954
"Deployable","NPC Market",0,-1.3725e+10,-1.3725e+10
"Planetary Interaction","NPC Market",0,-8999617770.44,-8999617770.44
"Planetary Construction","",33245000,-441744585000,33245000
"Repair Bill","",76448150,-153466976318,76448150
"Other","",13704838396,-47359165526,13704838396
"Opportunity reward","",15122425000,0,15122425000
"Sovereignty Structures","NPC Market",24652842612.63,0,24652842612.63
"Corporation Registration Fee","",27713335400,-34662866600,27713335400
"Alliance Registration Fee","",5.5e+10,-1.31e+11,5.5e+10
"Bounty Reimbursement","",63476217723,0,63476217723
"Agent Mission Time Bonus Reward","",1179166528888,0,1179166528888
"Agent Mission Reward","",1265946984746,0,1265946984746
"Insurance","",5598682819573,-2763770538713,5598682819573
"Incursions Payout","",11245604035624,0,11245604035624
"Commodity","NPC Market",18172178760538.8,-482297415163.49,18172178760538.8
"Bounty Prizes","",33876208757543,0,33876208757543
