"keyText","category","Faucet","Sink","sort.value"
"Blueprint","NPC Market",0,-24753281076603.7,-24753281076603.7
"Skill","NPC Market",0,-11912752832527,-11912752832527
"Transaction Tax","",0,-8493347117379,-8493347117379
"Brokers Fee","",0,-7484722048362,-7484722048362
"LP Store","",0,-6851387620000,-6851387620000
"Manufacturing","",0,-1804537326881,-1804537326881
"Infrastructure Hub maintenance","",0,-6.37868e+11,-6.37868e+11
"Office Rental Fee","",0,-530566908012,-530566908012
"Researching Material Productivity","",0,-495181910565,-495181910565
"War Fee","",0,-397694924858,-397694924858
"Researching Time Productivity","",0,-306349923382,-306349923382
"Contract Brokers Fee","",0,-222518327674,-222518327674
"Contract Sales Tax","",0,-186428811635,-186428811635
"Planetary Export Tax","",0,-159542365371,-159542365371
"Bounty","",0,-155553353633,-155553353633
"Industry Job Tax","",0,-127294342724,-127294342724
"Copying","",0,-71394746159,-71394746159
"Security Processing Fee","",0,-7.1322e+10,-7.1322e+10
"Planetary Import Tax","",0,-42673785886,-42673785886
"Contract Brokers Fee (corp)","",0,-26793015509,-26793015509
"Alliance Maintainance Fee","",0,-2.4946e+10,-2.4946e+10
"Jump Clone Activation Fee","",0,-16906500000,-16906500000
"Advertisement Listing Fee","",0,-16401500000,-16401500000
"Researching Technology","",0,-16306282852,-16306282852
"Bounty Surcharge","",0,-15445932103,-15445932103
"Reaction","NPC Market",0,-13457229486,-13457229486
"Planetary Interaction","NPC Market",0,-10885804718.99,-10885804718.99
"Deployable","NPC Market",0,-3.9e+09,-3.9e+09
"Celestial","NPC Market",0,-2.7e+09,-2.7e+09
"Planetary Construction","",29745000,-480639155000,29745000
"Repair Bill","",68993478,-186936956429,68993478
"Other","",14060838548,-85652567041,14060838548
"Sovereignty Structures","NPC Market",24472846749.07,0,24472846749.07
"Corporation Registration Fee","",34514085200,-43084213800,34514085200
"Bounty Reimbursement","",44311516936,0,44311516936
"Alliance Registration Fee","",7.9e+10,-2.02e+11,7.9e+10
"Project Discovery reward","",298249556815,0,298249556815
"Agent Mission Time Bonus Reward","",1224493540311,0,1224493540311
"Agent Mission Reward","",1298584109283,0,1298584109283
"Insurance","",8193561468728,-3697830677435,8193561468728
"Incursions Payout","",10381709878490,0,10381709878490
"Commodity","NPC Market",18642291971054.5,-508775647706.02,18642291971054.5
"Bounty Prizes","",29284839176751,0,29284839176751
