"keyText","category","Faucet","Sink","sort.value"
"Skill","NPC Market",0,-12467701249526.2,-12467701249526.2
"Transaction Tax","",0,-9602052354077,-9602052354077
"Brokers Fee","",0,-9342455425391,-9342455425391
"Blueprint","NPC Market",0,-8970414295700.26,-8970414295700.26
"LP Store","",0,-6721657240000,-6721657240000
"Manufacturing","",0,-3420373341325,-3420373341325
"Asset Safety recovery Tax","",0,-1832637447634,-1832637447634
"Infrastructure Hub maintenance","",0,-898170000000,-898170000000
"Researching Material Productivity","",0,-803592352354,-803592352354
"Reactions","",0,-566198596934,-566198596934
"Contract Brokers Fee","",0,-402871327551,-402871327551
"Researching Time Productivity","",0,-390753574655,-390753574655
"Office Rental Fee","",0,-318670657427,-318670657427
"War Fee","",0,-293261644288,-293261644288
"Contract Sales Tax","",0,-286832830303,-286832830303
"Copying","",0,-136969704760,-136969704760
"Bounty","",0,-133067842611,-133067842611
"Planetary Export Tax","",0,-130581375369,-130581375369
"Jump Clone Activation Fee","",0,-60543900000,-60543900000
"Contract Brokers Fee (corp)","",0,-57460964081,-57460964081
"Security Processing Fee","",0,-47792000000,-47792000000
"Industry Job Tax","",0,-47305148527,-47305148527
"Planetary Import Tax","",0,-36332323230,-36332323230
"Reprocessing Tax","",0,-33048996079,-33048996079
"Jump Clone Installation Fee","",0,-30195900000,-30195900000
"Alliance Maintainance Fee","",0,-24472000000,-24472000000
"Planetary Interaction","NPC Market",0,-8150160719.35,-8150160719.35
"Deployable","NPC Market",0,-6000000000,-6000000000
"Planetary Construction","",10125000,-367074105000,10125000
"Repair Bill","",18444456,-75736317004,18444456
"Corporation Registration Fee","",19475965200,-24193775400,19475965200
"Other","",30137340659,-93778526889,30137340659
"Alliance Registration Fee","",157000000000,-240000000000,157000000000
"Project Discovery reward","",842907156262,0,842907156262
"Agent Mission Time Bonus Reward","",994789840615,0,994789840615
"Agent Mission Reward","",1130619640959,0,1130619640959
"Insurance","",6165553999471,-3035664391064,6165553999471
"Incursions Payout","",7374459814815,0,7374459814815
"Commodity","NPC Market",17897629078692.9,-502423912814.96,17897629078692.9
"Bounty Prizes","",55609996891377,0,55609996891377
