"keyText","category","Faucet","Sink","sort.value"
"Skill","NPC Market",0,-11746971347150,-11746971347150
"Transaction Tax","",0,-10448994390997,-10448994390997
"Brokers Fee","",0,-9271583378670,-9271583378670
"Blueprint","NPC Market",0,-7979064285127.09,-7979064285127.09
"LP Store","",0,-7398282810000,-7398282810000
"Manufacturing","",0,-3605179958592,-3605179958592
"Asset Safety recovery Tax","",0,-1497400948687,-1497400948687
"Infrastructure Hub maintenance","",0,-1288042000000,-1288042000000
"Researching Material Productivity","",0,-786875340527,-786875340527
"Item Trader Payment","",0,-649172000000,-649172000000
"Reactions","",0,-559556230464,-559556230464
"Contract Brokers Fee","",0,-368501013307,-368501013307
"Researching Time Productivity","",0,-364596306793,-364596306793
"Office Rental Fee","",0,-360086474237,-360086474237
"Contract Sales Tax","",0,-267069770801,-267069770801
"War Fee","",0,-241602713026,-241602713026
"Bounty","",0,-187931504478,-187931504478
"Copying","",0,-125403818496,-125403818496
"Planetary Export Tax","",0,-121330293294,-121330293294
"Jump Clone Activation Fee","",0,-62478000000,-62478000000
"Contract Brokers Fee (corp)","",0,-59816830643,-59816830643
"Security Processing Fee","",0,-55364000000,-55364000000
"Industry Job Tax","",0,-41833655217,-41833655217
"Jump Clone Installation Fee","",0,-34698600000,-34698600000
"Planetary Import Tax","",0,-32120402662,-32120402662
"Bounty Surcharge","",0,-27691927396,-27691927396
"Deployable","NPC Market",0,-21800000000,-21800000000
"Planetary Interaction","NPC Market",0,-6494459735.11,-6494459735.11
"Planetary Construction","",5825000,-329293475000,5825000
"Repair Bill","",17520654,-86658538052,17520654
"Corporation Registration Fee","",20535032800,-25324834000,20535032800
"Other","",26383697779,-114042025541,26383697779
"Alliance Registration Fee","",47000000000,-100000000000,47000000000
"Project Discovery reward","",469018181464,0,469018181464
"Agent Mission Time Bonus Reward","",1166156729849,0,1166156729849
"Agent Mission Reward","",1326899990548,0,1326899990548
"Insurance","",5315937633987,-2812034565352,5315937633987
"Incursions Payout","",6652372149097,0,6652372149097
"Commodity","NPC Market",22356783730747.6,-424772636279.48,22356783730747.6
"Bounty Prizes","",69866495143756,0,69866495143756
