"keyText","category","Faucet","Sink","sort.value"
"Transaction Tax","",0,-19078890487735,-19078890487735
"Brokers Fee","",0,-10392438820695,-10392438820695
"Skill Purchase","",0,-6719054635800,-6719054635800
"LP Store","",0,-6078737205000,-6078737205000
"Skill","NPC Market",0,-5591357337282.64,-5591357337282.64
"Blueprint","NPC Market",0,-3665156729550.59,-3665156729550.59
"Manufacturing","",0,-2286745399288,-2286745399288
"Asset Safety recovery Tax","",0,-1681375249769,-1681375249769
"Infrastructure Hub maintenance","",0,-1303379000000,-1303379000000
"Researching Material Productivity","",0,-612972886264,-612972886264
"Reactions","",0,-468557174993,-468557174993
"Office Rental Fee","",0,-405865868964,-405865868964
"Researching Time Productivity","",0,-379592870902,-379592870902
"Contract Brokers Fee","",0,-318449991921,-318449991921
"Contract Sales Tax","",0,-215244327752,-215244327752
"Bounty","",0,-191824960031,-191824960031
"War Fee","",0,-176850000000,-176850000000
"Planetary Export Tax","",0,-106475935206,-106475935206
"Copying","",0,-98955144827,-98955144827
"Jump Clone Activation Fee","",0,-53536500000,-53536500000
"Industry Job Tax","",0,-53052610691,-53052610691
"Security Processing Fee","",0,-50700000000,-50700000000
"Contract Brokers Fee (corp)","",0,-40148102023,-40148102023
"Reprocessing Tax","",0,-29057322683,-29057322683
"Alliance Maintainance Fee","",0,-27688000000,-27688000000
"Planetary Import Tax","",0,-27116463875,-27116463875
"Planetary Interaction","NPC Market",0,-7442426439.61,-7442426439.61
"Deployable","NPC Market",0,-2300000000,-2300000000
"Planetary Construction","",6570000,-367022825000,6570000
"Repair Bill","",19307450,-124202724495,19307450
"Corporation Registration Fee","",19355980200,-23821022000,19355980200
"Other","",32757806154,-91751649410,32757806154
"Alliance Registration Fee","",46000000000,-109000000000,46000000000
"Project Discovery reward","",344420479050,0,344420479050
"Agent Mission Time Bonus Reward","",975086284705,0,975086284705
"Agent Mission Reward","",1071632806016,0,1071632806016
"Insurance","",4160211982657,-1863945242641,4160211982657
"Incursions Payout","",13746667326804,0,13746667326804
"Commodity","NPC Market",28410999626783.2,-387850429705.46,28410999626783.2
"Bounty Prizes","",41534907606422,0,41534907606422
