"keyText","category","Faucet","Sink","sort.value"
"Skill","NPC Market",0,-9817454834104.55,-9817454834104.55
"Transaction Tax","",0,-8336261983940,-8336261983940
"LP Store","",0,-7299350860000,-7299350860000
"Brokers Fee","",0,-4796200593101,-4796200593101
"Blueprint","NPC Market",0,-3714455362949.55,-3714455362949.55
"Manufacturing","",0,-2110697064252,-2110697064252
"Infrastructure Hub maintenance","",0,-7.48657e+11,-7.48657e+11
"Office Rental Fee","",0,-504244955379,-504244955379
"Researching Material Productivity","",0,-434044498390,-434044498390
"War Fee","",0,-424619892495,-424619892495
"Bounty","",0,-269198136986,-269198136986
"Researching Time Productivity","",0,-250190341696,-250190341696
"Contract Brokers Fee","",0,-179637795209,-179637795209
"Contract Sales Tax","",0,-163353896057,-163353896057
"Planetary Export Tax","",0,-144934350504,-144934350504
"Industry Job Tax","",0,-105964060724,-105964060724
"Copying","",0,-72134360558,-72134360558
"Security Processing Fee","",0,-6.8839e+10,-6.8839e+10
"Celestial","NPC Market",0,-4.5e+10,-4.5e+10
"Planetary Import Tax","",0,-36507763514,-36507763514
"Alliance Maintainance Fee","",0,-2.5758e+10,-2.5758e+10
"Contract Brokers Fee (corp)","",0,-24491144841,-24491144841
"Bounty Surcharge","",0,-23067723165,-23067723165
"Researching Technology","",0,-18312524371,-18312524371
"Advertisement Listing Fee","",0,-15353250000,-15353250000
"Agent Mission Collateral Paid","",0,-13914408992,-13914408992
"Reaction","NPC Market",0,-11488500000,-11488500000
"Planetary Interaction","NPC Market",0,-7366537897.15,-7366537897.15
"Deployable","NPC Market",0,-6.7e+09,-6.7e+09
"Planetary Construction","",17190000,-441820875000,17190000
"Repair Bill","",55317983,-184366242400,55317983
"Other","",15289744877,-51145120578,15289744877
"Sovereignty Structures","NPC Market",20876412917.4,0,20876412917.4
"Corporation Registration Fee","",31036120000,-38715160000,31036120000
"Bounty Reimbursement","",46127144190,0,46127144190
"Alliance Registration Fee","",8.7e+10,-1.74e+11,8.7e+10
"Project Discovery reward","",340341808085,0,340341808085
"Agent Mission Time Bonus Reward","",1210881108410,0,1210881108410
"Agent Mission Reward","",1296939569693,0,1296939569693
"Insurance","",6526139619180,-3090774178199,6526139619180
"Incursions Payout","",10194107500886,0,10194107500886
"Commodity","NPC Market",20398452974936.5,-544385566087.12,20398452974936.5
"Bounty Prizes","",37621224236598,0,37621224236598
