"keyText","category","Faucet","Sink","sort.value"
"Skill","NPC Market",0,-13964230461694.9,-13964230461694.9
"Transaction Tax","",0,-11832056164619,-11832056164619
"Brokers Fee","",0,-11553714419178,-11553714419178
"LP Store","",0,-8371413755000,-8371413755000
"Blueprint","NPC Market",0,-8244574725841.5,-8244574725841.5
"Manufacturing","",0,-3426119892050,-3426119892050
"Asset Safety recovery Tax","",0,-3282507497370,-3282507497370
"Infrastructure Hub maintenance","",0,-903224000000,-903224000000
"Researching Material Productivity","",0,-871191676438,-871191676438
"Reactions","",0,-628566812805,-628566812805
"Office Rental Fee","",0,-437047302026,-437047302026
"Contract Brokers Fee","",0,-436930854864,-436930854864
"Researching Time Productivity","",0,-435081324634,-435081324634
"Contract Sales Tax","",0,-320381174516,-320381174516
"War Fee","",0,-288047165928,-288047165928
"Planetary Export Tax","",0,-158570665682,-158570665682
"Bounty","",0,-155540226906,-155540226906
"Copying","",0,-140766443551,-140766443551
"Contract Brokers Fee (corp)","",0,-83160478451,-83160478451
"Jump Clone Activation Fee","",0,-68231700000,-68231700000
"Security Processing Fee","",0,-59723000000,-59723000000
"Industry Job Tax","",0,-52268084845,-52268084845
"Planetary Import Tax","",0,-44382596104,-44382596104
"Agent Mission Collateral Paid","",0,-38657084216,-38657084216
"Reprocessing Tax","",0,-34554837381,-34554837381
"Deployable","NPC Market",0,-12425000000,-12425000000
"Planetary Interaction","NPC Market",0,-8225473030.25,-8225473030.25
"Planetary Construction","",6675000,-421744550000,6675000
"Repair Bill","",40277535,-85431471815,40277535
"Other","",17921699851,-140477895997,17921699851
"Corporation Registration Fee","",20950980800,-26507086200,20950980800
"Agent Mission Collateral Refunded","",38511579422,0,38511579422
"Alliance Registration Fee","",72000000000,-140000000000,72000000000
"Project Discovery reward","",967004455411,0,967004455411
"Agent Mission Time Bonus Reward","",1249901114195,0,1249901114195
"Agent Mission Reward","",1405701555715,0,1405701555715
"Insurance","",6942204631002,-4534596044779,6942204631002
"Incursions Payout","",7582534112191,0,7582534112191
"Commodity","NPC Market",18331737422183.9,-563947700515.22,18331737422183.9
"Bounty Prizes","",58066310858950,0,58066310858950
