"keyText","category","Faucet","Sink","sort.value"
"Transaction Tax","",0,-18149191157615,-18149191157615
"Brokers Fee","",0,-9871476631559,-9871476631559
"LP Store","",0,-5984735245000,-5984735245000
"Skill Purchase","",0,-5184187568950,-5184187568950
"Skill","NPC Market",0,-3805081527923.75,-3805081527923.75
"Blueprint","NPC Market",0,-3120732027400.04,-3120732027400.04
"Asset Safety recovery Tax","",0,-1897455796988,-1897455796988
"Manufacturing","",0,-1832816880406,-1832816880406
"Infrastructure Hub maintenance","",0,-1346597000000,-1346597000000
"Researching Material Productivity","",0,-631323629696,-631323629696
"Reactions","",0,-486598385270,-486598385270
"Office Rental Fee","",0,-423032220327,-423032220327
"Researching Time Productivity","",0,-357223277716,-357223277716
"Contract Brokers Fee","",0,-314462202870,-314462202870
"Contract Sales Tax","",0,-191045492099,-191045492099
"War Fee","",0,-158900000000,-158900000000
"Planetary Export Tax","",0,-109344042527,-109344042527
"Bounty","",0,-105314463770,-105314463770
"Copying","",0,-99330196579,-99330196579
"Jump Clone Activation Fee","",0,-51557400000,-51557400000
"Industry Job Tax","",0,-48100020468,-48100020468
"Contract Brokers Fee (corp)","",0,-46937503418,-46937503418
"Security Processing Fee","",0,-45052000000,-45052000000
"Reprocessing Tax","",0,-29268858874,-29268858874
"Planetary Import Tax","",0,-26631338823,-26631338823
"Alliance Maintainance Fee","",0,-26064000000,-26064000000
"Planetary Interaction","NPC Market",0,-7399620977.32,-7399620977.32
"Deployable","NPC Market",0,-1575000000,-1575000000
"Planetary Construction","",6660000,-335234365000,6660000
"Repair Bill","",42498299,-110815685433,42498299
"Other","",13271423646,-94753968666,13271423646
"Corporation Registration Fee","",19506361400,-23822621800,19506361400
"Alliance Registration Fee","",42000000000,-90000000000,42000000000
"Project Discovery reward","",308052490333,0,308052490333
"Agent Mission Time Bonus Reward","",1334312857661,0,1334312857661
"Agent Mission Reward","",1443687578060,0,1443687578060
"Insurance","",3917837210217,-1795955576492,3917837210217
"Incursions Payout","",10209052488616,0,10209052488616
"Bounty Prizes","",20287480200903,0,20287480200903
"Commodity","NPC Market",20641493818847.1,-387004032635.04,20641493818847.1
