"keyText","category","Faucet","Sink","sort.value"
"Transaction Tax","",0,-18701767158966,-18701767158966
"Brokers Fee","",0,-12579583153276,-12579583153276
"LP Store","",0,-8017558250000,-8017558250000
"Skill Purchase","",0,-7769417854900,-7769417854900
"Skill","NPC Market",0,-4418604481969.99,-4418604481969.99
"Blueprint","NPC Market",0,-3871354846736.38,-3871354846736.38
"Market provider tax","",0,-2916452673476,-2916452673476
"Manufacturing","",0,-2418105396466,-2418105396466
"Asset Safety recovery Tax","",0,-2107429094880,-2107429094880
"Hypernet Relay Tax","",0,-1803866152660,-1803866152660
"Infrastructure Hub maintenance","",0,-1345827000000,-1345827000000
"Reactions","",0,-696526907364,-696526907364
"Researching Material Productivity","",0,-546041480485,-546041480485
"Office Rental Fee","",0,-411433998285,-411433998285
"Contract Brokers Fee","",0,-380951650767,-380951650767
"Researching Time Productivity","",0,-364735636335,-364735636335
"Contract Sales Tax","",0,-246891289202,-246891289202
"War Fee","",0,-172900000000,-172900000000
"Bounty","",0,-166154742695,-166154742695
"Planetary Export Tax","",0,-114766163254,-114766163254
"Copying","",0,-96680770038,-96680770038
"Jump Clone Activation Fee","",0,-69819300000,-69819300000
"Industry Job Tax","",0,-59844458380,-59844458380
"Security Processing Fee","",0,-56927000000,-56927000000
"Contract Brokers Fee (corp)","",0,-50395219709,-50395219709
"Reprocessing Tax","",0,-43680488809,-43680488809
"Planetary Interaction","NPC Market",0,-8927738993.43,-8927738993.43
"Deployable","NPC Market",0,-5450000000,-5450000000
"Planetary Construction","",3735000,-450220465000,3735000
"Repair Bill","",16355901,-111416318515,16355901
"Corporation Registration Fee","",21685289000,-27086213800,21685289000
"Other","",47356422667,-175432222305,47356422667
"Alliance Registration Fee","",95000000000,-175000000000,95000000000
"Project Discovery reward","",1165431002119,0,1165431002119
"Agent Mission Time Bonus Reward","",1416101332191,0,1416101332191
"Agent Mission Reward","",1511820421986,0,1511820421986
"Insurance","",5268324952149,-3011659513517,5268324952149
"Incursions Payout","",11679841881350,0,11679841881350
"Commodity","NPC Market",27932477536364.3,-455032931351.97,27932477536364.3
"Bounty Prizes","",48916917948038,0,48916917948038
