"keyText","category","Faucet","Sink","sort.value"
"Skill","NPC Market",0,-13192181898003.9,-13192181898003.9
"Blueprint","NPC Market",0,-12597806160447.3,-12597806160447.3
"Transaction Tax","",0,-11874730232806,-11874730232806
"Brokers Fee","",0,-11185005743212,-11185005743212
"LP Store","",0,-7814242985000,-7814242985000
"Manufacturing","",0,-3988990632931,-3988990632931
"Asset Safety recovery Tax","",0,-2233014198429,-2233014198429
"Infrastructure Hub maintenance","",0,-1219344000000,-1219344000000
"Researching Material Productivity","",0,-902684669062,-902684669062
"Reactions","",0,-521857125391,-521857125391
"Contract Brokers Fee","",0,-461168210233,-461168210233
"Researching Time Productivity","",0,-433892358151,-433892358151
"Contract Sales Tax","",0,-308037983058,-308037983058
"War Fee","",0,-296125240145,-296125240145
"Office Rental Fee","",0,-292130827248,-292130827248
"Planetary Export Tax","",0,-149335155954,-149335155954
"Copying","",0,-141113446178,-141113446178
"Bounty","",0,-116069786619,-116069786619
"Jump Clone Activation Fee","",0,-67212900000,-67212900000
"Contract Brokers Fee (corp)","",0,-64140680205,-64140680205
"Security Processing Fee","",0,-53800000000,-53800000000
"Industry Job Tax","",0,-50972106766,-50972106766
"Agent Mission Collateral Paid","",0,-42894139654,-42894139654
"Planetary Import Tax","",0,-40532638973,-40532638973
"Jump Clone Installation Fee","",0,-38301300000,-38301300000
"Planetary Interaction","NPC Market",0,-8628002631.53,-8628002631.53
"Deployable","NPC Market",0,-4300000000,-4300000000
"Planetary Construction","",7155000,-424390410000,7155000
"Repair Bill","",144958046,-94544020452,144958046
"Other","",13174364011,-136901792778,13174364011
"Corporation Registration Fee","",19571953200,-24750505800,19571953200
"Agent Mission Collateral Refunded","",42751231084,0,42751231084
"Alliance Registration Fee","",66000000000,-142000000000,66000000000
"Project Discovery reward","",904580696495,0,904580696495
"Agent Mission Time Bonus Reward","",1210873810301,0,1210873810301
"Agent Mission Reward","",1410060342498,0,1410060342498
"Insurance","",7251308622697,-3365277354656,7251308622697
"Incursions Payout","",9931657497393,0,9931657497393
"Commodity","NPC Market",22914529896786.5,-527504229884.06,22914529896786.5
"Bounty Prizes","",74160806592282,0,74160806592282
