"keyText","category","Faucet","Sink","sort.value"
"Transaction Tax","",0,-20325522853474,-20325522853474
"Brokers Fee","",0,-13360991990073,-13360991990073
"LP Store","",0,-7965380860000,-7965380860000
"Skill Purchase","",0,-7132291554050,-7132291554050
"Skill","NPC Market",0,-4314463403357.86,-4314463403357.86
"Blueprint","NPC Market",0,-3519750766450.81,-3519750766450.81
"Market provider tax","",0,-3118888402180,-3118888402180
"Manufacturing","",0,-2329086991331,-2329086991331
"Asset Safety recovery Tax","",0,-2167393045865,-2167393045865
"Hypernet Relay Tax","",0,-1800091891966,-1800091891966
"Infrastructure Hub maintenance","",0,-1359330000000,-1359330000000
"War Fee","",0,-964950000000,-964950000000
"Reactions","",0,-715347654606,-715347654606
"Researching Material Productivity","",0,-673884701994,-673884701994
"Office Rental Fee","",0,-411278984762,-411278984762
"Researching Time Productivity","",0,-406170173454,-406170173454
"Contract Brokers Fee","",0,-402230560968,-402230560968
"Contract Sales Tax","",0,-249258267883,-249258267883
"Bounty","",0,-165601009564,-165601009564
"Planetary Export Tax","",0,-121870335224,-121870335224
"Copying","",0,-104360679204,-104360679204
"Jump Clone Activation Fee","",0,-70949700000,-70949700000
"Security Processing Fee","",0,-69637000000,-69637000000
"Industry Job Tax","",0,-68124430430,-68124430430
"Reprocessing Tax","",0,-51672022617,-51672022617
"Contract Brokers Fee (corp)","",0,-47410285475,-47410285475
"Planetary Interaction","NPC Market",0,-9864560996.58,-9864560996.58
"Deployable","NPC Market",0,-8175000000,-8175000000
"Planetary Construction","",16335000,-489503660000,16335000
"Repair Bill","",24068563,-120662041207,24068563
"Corporation Registration Fee","",22325209000,-28028496000,22325209000
"Other","",28670443414,-182312239796,28670443414
"Alliance Registration Fee","",65000000000,-135000000000,65000000000
"Project Discovery reward","",839691330432,0,839691330432
"Agent Mission Time Bonus Reward","",1543939297425,0,1543939297425
"Agent Mission Reward","",1720444703383,0,1720444703383
"Insurance","",4748139203161,-2231494981643,4748139203161
"Incursions Payout","",12684465989852,0,12684465989852
"Commodity","NPC Market",29556706675111.8,-464517377775.75,29556706675111.8
"Bounty Prizes","",51937276066448,0,51937276066448
