"keyText","category","Faucet","Sink","sort.value"
"Transaction Tax","",0,-18395543063421,-18395543063421
"Brokers Fee","",0,-11543506889330,-11543506889330
"Skill Purchase","",0,-7817970663750,-7817970663750
"LP Store","",0,-7346785935000,-7346785935000
"Skill","NPC Market",0,-4128481587329.99,-4128481587329.99
"Blueprint","NPC Market",0,-3356194181383.35,-3356194181383.35
"Market provider tax","",0,-2821916038645,-2821916038645
"Manufacturing","",0,-2237708299018,-2237708299018
"Asset Safety recovery Tax","",0,-2071442429160,-2071442429160
"Hypernet Relay Tax","",0,-1729119635286,-1729119635286
"Infrastructure Hub maintenance","",0,-1352708000000,-1352708000000
"Reactions","",0,-688130107242,-688130107242
"Researching Material Productivity","",0,-543662104478,-543662104478
"Office Rental Fee","",0,-421316816611,-421316816611
"Researching Time Productivity","",0,-391018831450,-391018831450
"Contract Brokers Fee","",0,-363074039331,-363074039331
"Contract Sales Tax","",0,-235003310073,-235003310073
"War Fee","",0,-175150000000,-175150000000
"Bounty","",0,-159274261504,-159274261504
"Planetary Export Tax","",0,-118772769654,-118772769654
"Copying","",0,-109495530175,-109495530175
"Jump Clone Activation Fee","",0,-66550500000,-66550500000
"Industry Job Tax","",0,-62174993829,-62174993829
"Security Processing Fee","",0,-59472000000,-59472000000
"Reprocessing Tax","",0,-49239782252,-49239782252
"Contract Brokers Fee (corp)","",0,-47240163703,-47240163703
"Planetary Interaction","NPC Market",0,-11320718726.68,-11320718726.68
"Deployable","NPC Market",0,-5207990000,-5207990000
"Planetary Construction","",14580000,-465629735000,14580000
"Repair Bill","",58895362,-121887459350,58895362
"Corporation Registration Fee","",33559004600,-39574252600,33559004600
"Other","",61915648905,-189454061826,61915648905
"Alliance Registration Fee","",67000000000,-148000000000,67000000000
"Project Discovery reward","",997546383806,0,997546383806
"Agent Mission Time Bonus Reward","",1453680942924,0,1453680942924
"Agent Mission Reward","",1537077487049,0,1537077487049
"Insurance","",5620196958298,-2700546594727,5620196958298
"Incursions Payout","",13196223743627,0,13196223743627
"Commodity","NPC Market",29149207875539.9,-467165761662.38,29149207875539.9
"Bounty Prizes","",52120019501129,0,52120019501129
