"keyText","category","Faucet","Sink","sort.value"
"Skill","NPC Market",0,-13154339339765.9,-13154339339765.9
"Transaction Tax","",0,-11033531621954,-11033531621954
"Brokers Fee","",0,-10948954027604,-10948954027604
"Blueprint","NPC Market",0,-10274104016162.4,-10274104016162.4
"LP Store","",0,-7137618700000,-7137618700000
"Manufacturing","",0,-4037973889039,-4037973889039
"Asset Safety recovery Tax","",0,-2174468379199,-2174468379199
"Infrastructure Hub maintenance","",0,-958083000000,-958083000000
"Researching Material Productivity","",0,-809436031197,-809436031197
"Reactions","",0,-598425363306,-598425363306
"Contract Brokers Fee","",0,-469633843517,-469633843517
"Researching Time Productivity","",0,-400095463924,-400095463924
"Office Rental Fee","",0,-318154608389,-318154608389
"Contract Sales Tax","",0,-315977203603,-315977203603
"War Fee","",0,-293234965274,-293234965274
"Bounty","",0,-165152980473,-165152980473
"Copying","",0,-143174616317,-143174616317
"Planetary Export Tax","",0,-141805469481,-141805469481
"Jump Clone Activation Fee","",0,-67872600000,-67872600000
"Contract Brokers Fee (corp)","",0,-66350947956,-66350947956
"Industry Job Tax","",0,-53259835452,-53259835452
"Security Processing Fee","",0,-51735000000,-51735000000
"Reprocessing Tax","",0,-40681927883,-40681927883
"Planetary Import Tax","",0,-38933338521,-38933338521
"Jump Clone Installation Fee","",0,-38785500000,-38785500000
"Bounty Surcharge","",0,-28429319229,-28429319229
"Planetary Interaction","NPC Market",0,-11370962747.29,-11370962747.29
"Deployable","NPC Market",0,-7700000000,-7700000000
"Repair Bill","",9927738,-96194378876,9927738
"Planetary Construction","",11685000,-414740835000,11685000
"Corporation Registration Fee","",21016572600,-26259117200,21016572600
"Other","",55773973872,-110641890859,55773973872
"Alliance Registration Fee","",72000000000,-142000000000,72000000000
"Project Discovery reward","",1032498939703,0,1032498939703
"Agent Mission Time Bonus Reward","",1133012233464,0,1133012233464
"Agent Mission Reward","",1290370605443,0,1290370605443
"Insurance","",6541179963169,-3222592836964,6541179963169
"Incursions Payout","",7355548040216,0,7355548040216
"Commodity","NPC Market",21400915441717.4,-533038959764.71,21400915441717.4
"Bounty Prizes","",72524066432953,0,72524066432953
