"keyText","category","Faucet","Sink","sort.value"
"Transaction Tax","",0,-24325401426829,-24325401426829
"Brokers Fee","",0,-13643261733694,-13643261733694
"LP Store","",0,-7659160955000,-7659160955000
"Skill Purchase","",0,-7538712473500,-7538712473500
"Skill","NPC Market",0,-6521568285642.35,-6521568285642.35
"Blueprint","NPC Market",0,-5037456019006.52,-5037456019006.52
"Hypernet Relay Tax","",0,-4114281598950,-4114281598950
"Manufacturing","",0,-2666879222879,-2666879222879
"Asset Safety recovery Tax","",0,-1945571393834,-1945571393834
"Infrastructure Hub maintenance","",0,-1326437000000,-1326437000000
"Researching Material Productivity","",0,-735623843053,-735623843053
"Reactions","",0,-548625023932,-548625023932
"Office Rental Fee","",0,-397931764089,-397931764089
"Researching Time Productivity","",0,-397599933071,-397599933071
"Contract Brokers Fee","",0,-339613696352,-339613696352
"Contract Sales Tax","",0,-240909837393,-240909837393
"Bounty","",0,-171675264800,-171675264800
"War Fee","",0,-170550000000,-170550000000
"Planetary Export Tax","",0,-112761473785,-112761473785
"Copying","",0,-102471806262,-102471806262
"Jump Clone Activation Fee","",0,-60743700000,-60743700000
"Security Processing Fee","",0,-58422000000,-58422000000
"Industry Job Tax","",0,-53337899272,-53337899272
"Contract Brokers Fee (corp)","",0,-48784832201,-48784832201
"Jump Clone Installation Fee","",0,-32441400000,-32441400000
"Reprocessing Tax","",0,-29112884058,-29112884058
"Planetary Interaction","NPC Market",0,-10340139492.48,-10340139492.48
"Deployable","NPC Market",0,-10000000000,-10000000000
"Planetary Construction","",11655000,-411877505000,11655000
"Repair Bill","",320120298,-156037558267,320120298
"Other","",24483264448,-145866471945,24483264448
"Corporation Registration Fee","",27735732600,-33685388800,27735732600
"Alliance Registration Fee","",70000000000,-138000000000,70000000000
"Project Discovery reward","",244763014414,0,244763014414
"Agent Mission Time Bonus Reward","",1039211740000,0,1039211740000
"Agent Mission Reward","",1138714508002,0,1138714508002
"Insurance","",4616367812151,-2102742706091,4616367812151
"Incursions Payout","",17406382959793,0,17406382959793
"Commodity","NPC Market",37108176650629.2,-447719947667.13,37108176650629.2
"Bounty Prizes","",43959155280315,0,43959155280315
