"keyText","category","Faucet","Sink","sort.value"
"Brokers Fee","",0,-18484033641654,-18484033641654
"Blueprint","NPC Market",0,-15268784921899.7,-15268784921899.7
"Skill","NPC Market",0,-12218361728842.4,-12218361728842.4
"Transaction Tax","",0,-9596289026117,-9596289026117
"LP Store","",0,-7128789185000,-7128789185000
"Manufacturing","",0,-2272794568645,-2272794568645
"Researching Material Productivity","",0,-675826964718,-675826964718
"Infrastructure Hub maintenance","",0,-6.42355e+11,-6.42355e+11
"Office Rental Fee","",0,-625511560511,-625511560511
"War Fee","",0,-439521259993,-439521259993
"Researching Time Productivity","",0,-332409589295,-332409589295
"Contract Brokers Fee","",0,-221953248724,-221953248724
"Planetary Export Tax","",0,-210233506016,-210233506016
"Contract Sales Tax","",0,-189781900248,-189781900248
"Industry Job Tax","",0,-162002303991,-162002303991
"Bounty","",0,-138444660907,-138444660907
"Jump Clone Activation Fee","",0,-116841600000,-116841600000
"Reprocessing Tax","",0,-90640475657,-90640475657
"Copying","",0,-84628664868,-84628664868
"Security Processing Fee","",0,-7.3346e+10,-7.3346e+10
"Planetary Import Tax","",0,-58789944605,-58789944605
"Jump Clone Installation Fee","",0,-33118200000,-33118200000
"Contract Brokers Fee (corp)","",0,-30463187451,-30463187451
"Alliance Maintainance Fee","",0,-2.6258e+10,-2.6258e+10
"Researching Technology","",0,-18614757233,-18614757233
"Reaction","NPC Market",0,-15802200000,-15802200000
"Planetary Interaction","NPC Market",0,-15777703301.26,-15777703301.26
"Celestial","NPC Market",0,-8.1e+09,-8.1e+09
"Deployable","NPC Market",0,-7.625e+09,-7.625e+09
"Planetary Construction","",33735000,-662676760000,33735000
"Repair Bill","",83393785,-178690189984,83393785
"Other","",14758594258,-95047986970,14758594258
"Bounty Reimbursement","",25588693181,0,25588693181
"Corporation Registration Fee","",32271165600,-40735707400,32271165600
"Sovereignty Structures","NPC Market",33088343076.67,0,33088343076.67
"Alliance Registration Fee","",1.43e+11,-2.77e+11,1.43e+11
"Project Discovery reward","",176913198620,0,176913198620
"Agent Mission Time Bonus Reward","",1292956602873,0,1292956602873
"Agent Mission Reward","",1373954165615,0,1373954165615
"Insurance","",7057842535396,-3364470981018,7057842535396
"Incursions Payout","",11484793184914,0,11484793184914
"Commodity","NPC Market",12998515568122.9,-531193147922.5,12998515568122.9
"Bounty Prizes","",38221175243006,0,38221175243006
